Slider – Image Video Link Carousal Slideshow,https://wordpress.org/plugins/media-slider/,14 total ratings
WooCommerce Blocks,https://wordpress.org/plugins/woo-gutenberg-products-block/,81 total ratings
"ProfileGrid – User Profiles, Memberships, Groups and Communities",https://wordpress.org/plugins/profilegrid-user-profiles-groups-and-communities/,167 total ratings
Gosign – Background Container Block,https://wordpress.org/plugins/gosign-background-container/,5 total ratings
Classic Editor,https://wordpress.org/plugins/classic-editor/,"1,076 total ratings"
Akismet Spam Protection,https://wordpress.org/plugins/akismet/,950 total ratings
"Jetpack – WP Security, Backup, Speed, & Growth",https://wordpress.org/plugins/jetpack/,"1,784 total ratings"
Classic Widgets,https://wordpress.org/plugins/classic-widgets/,218 total ratings
Gutenberg,https://wordpress.org/plugins/gutenberg/,"3,575 total ratings"
Performance Lab,https://wordpress.org/plugins/performance-lab/,13 total ratings
Plugin Dependencies,https://wordpress.org/plugins/wp-plugin-dependencies/,2 total ratings
Two-Factor,https://wordpress.org/plugins/two-factor/,153 total ratings
Contact Form 7,https://wordpress.org/plugins/contact-form-7/,"1,964 total ratings"
Yoast SEO,https://wordpress.org/plugins/wordpress-seo/,"27,488 total ratings"
Elementor Website Builder,https://wordpress.org/plugins/elementor/,"6,251 total ratings"
Classic Editor,https://wordpress.org/plugins/classic-editor/,"1,076 total ratings"
